[
{"text": "Magicfly Mini Hot Glue Gun Sticks, Huge Pack of 300, 4 Inch Long and 0.27 Inch Diameter Hot Melt Glue Sticks, Compatible with Most Glue Guns, for DIY Craft Projects and Sealing", "price": null, "image_url": ["https://images-na.ssl-images-amazon.com/images/I/41Prx58r9DL._AC_US40_.jpg", "https://images-na.ssl-images-amazon.com/images/I/41cHD0wsaTL._AC_US40_.jpg", "https://images-na.ssl-images-amazon.com/images/I/41nXJt4En4L._AC_US40_.jpg", "https://images-na.ssl-images-amazon.com/images/I/31TWFZ9EFSL._AC_US40_.jpg", "https://images-na.ssl-images-amazon.com/images/I/51adQTYdZ-L._AC_US40_.jpg", "https://images-na.ssl-images-amazon.com/images/I/51hpv91zA6L._AC_US40_.jpg", "https://images-na.ssl-images-amazon.com/images/I/51tgLwnSkQL._AC_US40_.jpg", "https://images-na.ssl-images-amazon.com/images/G/01/x-locale/common/transparent-pixel._V192234675_.gif"], "rating": "4.7", "list price": null, "product info": {}, "Amazon Choice": "No", "isbestseller": "No", "bestsellercategory": null, "NoOfRating": "164", "AmazonChoiceSearchTerm": null},
{"text": "Tracing Paper - White Sewable Swedish Tracing Paper 29\" x 30' (29 inches x 30 feet/10 yards)", "price": null, "image_url": ["https://images-na.ssl-images-amazon.com/images/I/11-zuNxqDxL._AC_US40_.jpg", "https://images-na.ssl-images-amazon.com/images/G/01/x-locale/common/transparent-pixel._V192234675_.gif"], "rating": "4.7", "list price": null, "product info": {}, "Amazon Choice": "Yes", "isbestseller": "No", "bestsellercategory": null, "NoOfRating": "159", "AmazonChoiceSearchTerm": "swedish tracing paper for sewing"},
{"text": "AmazonBasics Clear Thermal Laminating Plastic Paper Laminator Sheets - 9 Inch x 11.5 Inch, 200-Pack", "price": null, "image_url": ["https://images-na.ssl-images-amazon.com/images/I/31QGhD8hSOL._AC_US40_.jpg", "https://images-na.ssl-images-amazon.com/images/I/31X6iTHTotL._AC_US40_.jpg", "https://images-na.ssl-images-amazon.com/images/I/31qMIe2DP6L._AC_US40_.jpg", "https://images-na.ssl-images-amazon.com/images/I/41wT1P6PRVL._AC_US40_.jpg", "https://images-na.ssl-images-amazon.com/images/I/412K6hizTIL._AC_US40_.jpg", "https://images-na.ssl-images-amazon.com/images/I/41vNCn47XjL._AC_US40_.jpg", "https://images-na.ssl-images-amazon.com/images/I/41mDyKH%2B-UL._AC_US40_.jpg", "https://images-na.ssl-images-amazon.com/images/G/01/x-locale/common/transparent-pixel._V192234675_.gif"], "rating": "4.8", "list price": null, "product info": {}, "Amazon Choice": "Yes", "isbestseller": "No", "bestsellercategory": null, "NoOfRating": "10,938", "AmazonChoiceSearchTerm": "amazon basics thermal laminating plastic laminator sheets"},
{"text": "3-PACK - Painter's Pyramid Stands, Yellow", "price": null, "image_url": ["https://images-na.ssl-images-amazon.com/images/I/51YvJnolstL._AC_US40_.jpg", "https://images-na.ssl-images-amazon.com/images/G/01/x-locale/common/transparent-pixel._V192234675_.gif"], "rating": "4.6", "list price": null, "product info": {}, "Amazon Choice": "Yes", "isbestseller": "No", "bestsellercategory": null, "NoOfRating": "299", "AmazonChoiceSearchTerm": "painting triangles"},
{"text": "Li\u2019l Gen Water Beads with Fine Motor Skills Toy Set, Non-Toxic Water Sensory Toy for Kids - 20,000 Beads with 2 Scoops and Tweezers for Early Skill Development", "price": null, "image_url": ["https://images-na.ssl-images-amazon.com/images/I/51Pj4VSZeFL._AC_US40_.jpg", "https://images-na.ssl-images-amazon.com/images/I/51DYLG%2B5-tL._AC_US40_.jpg", "https://images-na.ssl-images-amazon.com/images/I/61QQmJxOUlL._AC_US40_.jpg", "https://images-na.ssl-images-amazon.com/images/I/61wtkz-zAxL._AC_US40_.jpg", "https://images-na.ssl-images-amazon.com/images/I/51dNSvPG1NL._AC_US40_.jpg", "https://images-na.ssl-images-amazon.com/images/I/51mPWRPl2iL._AC_US40_.jpg", "https://images-na.ssl-images-amazon.com/images/I/51aXT5lT1ML._AC_US40_.jpg", "https://images-na.ssl-images-amazon.com/images/G/01/x-locale/common/transparent-pixel._V192234675_.gif"], "rating": "4.7", "list price": null, "product info": {}, "Amazon Choice": "No", "isbestseller": "No", "bestsellercategory": null, "NoOfRating": "1,277", "AmazonChoiceSearchTerm": null},
{"text": "AmazonBasics Paper Trimmer - 15-Inch Blade, 10 Sheet Capacity", "price": null, "image_url": ["https://images-na.ssl-images-amazon.com/images/I/4161KkDSD7L._AC_US40_.jpg", "https://images-na.ssl-images-amazon.com/images/I/51vrVAo9CBL._AC_US40_.jpg", "https://images-na.ssl-images-amazon.com/images/I/41mbdAfjl0L._AC_US40_.jpg", "https://images-na.ssl-images-amazon.com/images/I/315joRrftiL._AC_US40_.jpg", "https://images-na.ssl-images-amazon.com/images/I/41K9D3OmdDL._AC_US40_.jpg", "https://images-na.ssl-images-amazon.com/images/G/01/x-locale/common/transparent-pixel._V192234675_.gif"], "rating": "4.4", "list price": null, "product info": {}, "Amazon Choice": "No", "isbestseller": "No", "bestsellercategory": null, "NoOfRating": "387", "AmazonChoiceSearchTerm": null},
{"text": "Scrapbook Paper Punch - 58pc Mini Paper Hole Punchers w Case - All Different Crafting Designs - Great Gift", "price": null, "image_url": ["https://images-na.ssl-images-amazon.com/images/I/51bF%2BIZdfdL._AC_US40_.jpg", "https://images-na.ssl-images-amazon.com/images/I/51BNU33Nt8L._AC_US40_.jpg", "https://images-na.ssl-images-amazon.com/images/I/51LJ%2B1XSUWL._AC_US40_.jpg", "https://images-na.ssl-images-amazon.com/images/I/41d9D1OAFhL._AC_US40_.jpg", "https://images-na.ssl-images-amazon.com/images/I/41dkN6%2BENhL._AC_US40_.jpg", "https://images-na.ssl-images-amazon.com/images/I/41gmzvzoWiL._AC_US40_.jpg", "https://images-na.ssl-images-amazon.com/images/G/01/x-locale/common/transparent-pixel._V192234675_.gif"], "rating": "4.4", "list price": null, "product info": {}, "Amazon Choice": "Yes", "isbestseller": "No", "bestsellercategory": null, "NoOfRating": "142", "AmazonChoiceSearchTerm": "scrapbook punch"},
{"text": "Luby Sewing Machine for Beginners with 12 Stitches & Free Arm, Portable & Lightweight", "price": null, "image_url": ["https://images-na.ssl-images-amazon.com/images/I/41Y0rG1h1lL._AC_US40_.jpg", "https://images-na.ssl-images-amazon.com/images/I/41VwajBZwJL._AC_US40_.jpg", "https://images-na.ssl-images-amazon.com/images/I/41Cyhc924OL._AC_US40_.jpg", "https://images-na.ssl-images-amazon.com/images/I/51Exyg9BLyL._AC_US40_.jpg", "https://images-na.ssl-images-amazon.com/images/I/41kBw2FAWJL._AC_US40_.jpg", "https://images-na.ssl-images-amazon.com/images/I/417Y5PcI%2B3L._AC_US40_.jpg", "https://images-na.ssl-images-amazon.com/images/I/81sq6DSZNuL._SS40_BG85,85,85_BR-120_PKdp-play-icon-overlay__.png", "https://images-na.ssl-images-amazon.com/images/G/01/x-locale/common/transparent-pixel._V192234675_.gif"], "rating": "3.9", "list price": null, "product info": {}, "Amazon Choice": "No", "isbestseller": "No", "bestsellercategory": null, "NoOfRating": "404", "AmazonChoiceSearchTerm": null},
{"text": "Kelife 150PCS  Stainless Steel Marine Grade 3/8\" Socket Canvas Snaps Kit and Upholstery Boat Cover Snap Button Fastener Tool with 2Pcs Setting Tool for Boat Cover Furniture(Black)", "price": "$21.99", "image_url": ["https://images-na.ssl-images-amazon.com/images/I/518ve5KldYL._AC_US40_.jpg", "https://images-na.ssl-images-amazon.com/images/I/31YvYpjc0qL._AC_US40_.jpg", "https://images-na.ssl-images-amazon.com/images/I/41rgwak5%2BsL._AC_US40_.jpg", "https://images-na.ssl-images-amazon.com/images/I/51y288PcUkL._AC_US40_.jpg", "https://images-na.ssl-images-amazon.com/images/I/51eOHqK-3aL._AC_US40_.jpg", "https://images-na.ssl-images-amazon.com/images/I/51X0IqOiF0L._AC_US40_.jpg", "https://images-na.ssl-images-amazon.com/images/I/51UOBwV1DmL._AC_US40_.jpg", "https://images-na.ssl-images-amazon.com/images/G/01/x-locale/common/transparent-pixel._V192234675_.gif"], "rating": "4.5", "list price": null, "product info": {}, "Amazon Choice": "No", "isbestseller": "No", "bestsellercategory": null, "NoOfRating": "31", "AmazonChoiceSearchTerm": null},
{"text": "Magicfly Wood Table Top Easel for Painting, Adjustable Desk Easel with Storage Drawer, 5 Canvas and 1 Paint Palette, Beechwood - Portable Artist Easel Top Board, Wooden Drawing Board Easel for Canvas", "price": null, "image_url": ["https://images-na.ssl-images-amazon.com/images/I/41pU%2Bye6qlL._AC_US40_.jpg", "https://images-na.ssl-images-amazon.com/images/I/41EzyetiFbL._AC_US40_.jpg", "https://images-na.ssl-images-amazon.com/images/I/510XuxbJVIL._AC_US40_.jpg", "https://images-na.ssl-images-amazon.com/images/I/511aclIdH9L._AC_US40_.jpg", "https://images-na.ssl-images-amazon.com/images/I/41HOMUVe0QL._AC_US40_.jpg", "https://images-na.ssl-images-amazon.com/images/I/51n8nx7qpZL._AC_US40_.jpg", "https://images-na.ssl-images-amazon.com/images/I/61b4%2BwUgaRL._AC_US40_.jpg", "https://images-na.ssl-images-amazon.com/images/G/01/x-locale/common/transparent-pixel._V192234675_.gif"], "rating": "4.5", "list price": null, "product info": {}, "Amazon Choice": "Yes", "isbestseller": "No", "bestsellercategory": null, "NoOfRating": "55", "AmazonChoiceSearchTerm": "artist easel tabletop"},
{"text": "Magicfly Bulk Acrylic Paint Set, 14 Rich Pigments Colors (240 ml/8.12 fl oz.), Non-Fading, Non-Toxic Craft Paints for Painting on Canvas, Ideal for Kids, Artist & Hobby Painters", "price": null, "image_url": ["https://images-na.ssl-images-amazon.com/images/I/518UONeJcML._AC_US40_.jpg", "https://images-na.ssl-images-amazon.com/images/I/41osWprEOlL._AC_US40_.jpg", "https://images-na.ssl-images-amazon.com/images/I/41Vhm4oWxSL._AC_US40_.jpg", "https://images-na.ssl-images-amazon.com/images/I/4143uJNI8gL._AC_US40_.jpg", "https://images-na.ssl-images-amazon.com/images/I/41PLbVHaw4L._AC_US40_.jpg", "https://images-na.ssl-images-amazon.com/images/I/51NHB85WOlL._AC_US40_.jpg", "https://images-na.ssl-images-amazon.com/images/I/51QlrwI1-DL._AC_US40_.jpg", "https://images-na.ssl-images-amazon.com/images/G/01/x-locale/common/transparent-pixel._V192234675_.gif"], "rating": "4.1", "list price": null, "product info": {}, "Amazon Choice": "No", "isbestseller": "No", "bestsellercategory": null, "NoOfRating": "95", "AmazonChoiceSearchTerm": null},
{"text": "Magicfly Diamond Painting A4 LED Light Pad, Tracing Light Box for Drawing, Dimmable Light Board Kit with USB Cable, for DIY 5D Diamond Painting, Drawing, Embossing, Stenciling, Designing", "price": null, "image_url": ["https://images-na.ssl-images-amazon.com/images/I/51t72seUxWL._AC_US40_.jpg", "https://images-na.ssl-images-amazon.com/images/I/41KREVVy6RL._AC_US40_.jpg", "https://images-na.ssl-images-amazon.com/images/I/410qTquDzoL._AC_US40_.jpg", "https://images-na.ssl-images-amazon.com/images/I/41kNlsQ-XVL._AC_US40_.jpg", "https://images-na.ssl-images-amazon.com/images/I/41Kr2k%2B-U%2BL._AC_US40_.jpg", "https://images-na.ssl-images-amazon.com/images/I/51wcrWYUr-L._AC_US40_.jpg", "https://images-na.ssl-images-amazon.com/images/I/51zFBGmkt-L._AC_US40_.jpg", "https://images-na.ssl-images-amazon.com/images/G/01/x-locale/common/transparent-pixel._V192234675_.gif"], "rating": "4.6", "list price": null, "product info": {}, "Amazon Choice": "Yes", "isbestseller": "No", "bestsellercategory": null, "NoOfRating": "242", "AmazonChoiceSearchTerm": "light pads for diamond painting"},
{"text": "Welcome and Home Sweet Home Stencil - 18 Pack Large Vertical Welcome and Home Sweet Home Sign Stencils Templates for Painting on Wood, Reusable Letter Stencils for Porch Signs & Front Door Decorations", "price": "$23.99", "image_url": ["https://images-na.ssl-images-amazon.com/images/I/51-M1HjX8RL._AC_US40_.jpg", "https://images-na.ssl-images-amazon.com/images/I/51G0IS0MPoL._AC_US40_.jpg", "https://images-na.ssl-images-amazon.com/images/I/51iWLLWKjTL._AC_US40_.jpg", "https://images-na.ssl-images-amazon.com/images/I/412GHGrBauL._AC_US40_.jpg", "https://images-na.ssl-images-amazon.com/images/I/41nl4EC7V7L._AC_US40_.jpg", "https://images-na.ssl-images-amazon.com/images/I/419LNUZk14L._AC_US40_.jpg", "https://images-na.ssl-images-amazon.com/images/I/51OjNuM2K9L._AC_US40_.jpg", "https://images-na.ssl-images-amazon.com/images/G/01/x-locale/common/transparent-pixel._V192234675_.gif"], "rating": "4.4", "list price": null, "product info": {}, "Amazon Choice": "Yes", "isbestseller": "No", "bestsellercategory": null, "NoOfRating": "19", "AmazonChoiceSearchTerm": "large letter stencils for painting on wood"},
{"text": "Metallic Acrylic Paint Set by Artist's Loft (12 Piece, Metallic Acrylic)", "price": null, "image_url": ["https://images-na.ssl-images-amazon.com/images/I/51V1eIOYTGL._AC_US40_.jpg", "https://images-na.ssl-images-amazon.com/images/I/51YfjDv37IL._AC_US40_.jpg", "https://images-na.ssl-images-amazon.com/images/I/41DzoLjPmVL._AC_US40_.jpg", "https://images-na.ssl-images-amazon.com/images/I/41xRWl7y8QL._AC_US40_.jpg", "https://images-na.ssl-images-amazon.com/images/G/01/x-locale/common/transparent-pixel._V192234675_.gif"], "rating": "4.5", "list price": null, "product info": {}, "Amazon Choice": "Yes", "isbestseller": "No", "bestsellercategory": null, "NoOfRating": "100", "AmazonChoiceSearchTerm": "artist loft acrylic paints"},
{"text": "100 Dual Tip Brush Pens, Magicfly Water Coloring Markers with Fineliner Tip 0.4 and Highlighters Brush Tip Markers(1mm-2mm), Dual Brush Pens for Adult Coloring Book, Calligraphy, Manga, Bullet Journal", "price": null, "image_url": ["https://images-na.ssl-images-amazon.com/images/I/51RUBChwohL._AC_US40_.jpg", "https://images-na.ssl-images-amazon.com/images/I/51vuI6xkMCL._AC_US40_.jpg", "https://images-na.ssl-images-amazon.com/images/I/513wSOHcHfL._AC_US40_.jpg", "https://images-na.ssl-images-amazon.com/images/I/412qk6NrpCL._AC_US40_.jpg", "https://images-na.ssl-images-amazon.com/images/I/51er8YDlAtL._AC_US40_.jpg", "https://images-na.ssl-images-amazon.com/images/I/51-1LLIftKL._AC_US40_.jpg", "https://images-na.ssl-images-amazon.com/images/I/61QgnwofggL._AC_US40_.jpg", "https://images-na.ssl-images-amazon.com/images/G/01/x-locale/common/transparent-pixel._V192234675_.gif"], "rating": "4.3", "list price": null, "product info": {}, "Amazon Choice": "Yes", "isbestseller": "No", "bestsellercategory": null, "NoOfRating": "511", "AmazonChoiceSearchTerm": "twin tip brush markers"},
{"text": "Elemental Tools 9pc Wood Carving Tools Set - Hook Carving Knife, Whittling Knife, Detail Wood Carving Knife For Spoon, Bowl, Kuksa Cup Or General Woodwork - Bonus Cut Resistant Gloves And Bamboo Box", "price": "$34.99", "image_url": ["https://images-na.ssl-images-amazon.com/images/I/51LN4Z%2BJ0oL._AC_US40_.jpg", "https://images-na.ssl-images-amazon.com/images/I/61ZWDiRGbWL._AC_US40_.jpg", "https://images-na.ssl-images-amazon.com/images/I/51-mpu%2BknBL._AC_US40_.jpg", "https://images-na.ssl-images-amazon.com/images/I/51tjh1nNWDL._AC_US40_.jpg", "https://images-na.ssl-images-amazon.com/images/I/41Mr16%2BRAVL._AC_US40_.jpg", "https://images-na.ssl-images-amazon.com/images/I/51dXBBE9mdL._AC_US40_.jpg", "https://images-na.ssl-images-amazon.com/images/I/41FfU7T3JnL._AC_US40_.jpg", "https://images-na.ssl-images-amazon.com/images/G/01/x-locale/common/transparent-pixel._V192234675_.gif"], "rating": "4.3", "list price": "$71.99", "product info": {}, "Amazon Choice": "Yes", "isbestseller": "No", "bestsellercategory": null, "NoOfRating": "201", "AmazonChoiceSearchTerm": "hook knife wood carving"},
{"text": "Sax Sulphite Drawing Paper, 70 lb, 9 x 12 Inches, Extra-White, Pack of 500 - 206309", "price": null, "image_url": ["https://images-na.ssl-images-amazon.com/images/I/21OYJ22Fo6L._AC_US40_.jpg", "https://images-na.ssl-images-amazon.com/images/G/01/x-locale/common/transparent-pixel._V192234675_.gif"], "rating": "4.6", "list price": null, "product info": {}, "Amazon Choice": "Yes", "isbestseller": "No", "bestsellercategory": null, "NoOfRating": "162", "AmazonChoiceSearchTerm": "drawing paper bulk"},
{"text": "AmazonBasics Painters Tape, 1.88\" x 180', 6 Rolls", "price": null, "image_url": ["https://images-na.ssl-images-amazon.com/images/I/41b1FR5ACOL._AC_US40_.jpg", "https://images-na.ssl-images-amazon.com/images/I/31VvgmiuDGL._AC_US40_.jpg", "https://images-na.ssl-images-amazon.com/images/I/41ygTdfodLL._AC_US40_.jpg", "https://images-na.ssl-images-amazon.com/images/I/41tkjFWmRQL._AC_US40_.jpg", "https://images-na.ssl-images-amazon.com/images/I/51jyfub8j%2BL._AC_US40_.jpg", "https://images-na.ssl-images-amazon.com/images/I/41nhJK8OPaL._AC_US40_.jpg", "https://images-na.ssl-images-amazon.com/images/G/01/x-locale/common/transparent-pixel._V192234675_.gif"], "rating": "3.8", "list price": null, "product info": {}, "Amazon Choice": "No", "isbestseller": "No", "bestsellercategory": null, "NoOfRating": "253", "AmazonChoiceSearchTerm": null},
{"text": "Artlicious Canvas Panels 12 Pack - 5 inch x 7 inch Super Value Pack- Artist Canvas Boards for Painting", "price": "$19.99", "image_url": ["https://images-na.ssl-images-amazon.com/images/I/51Nl1PIFtzL._AC_US40_.jpg", "https://images-na.ssl-images-amazon.com/images/I/51vevZqmUOL._AC_US40_.jpg", "https://images-na.ssl-images-amazon.com/images/I/41Q0JG--eRL._AC_US40_.jpg", "https://images-na.ssl-images-amazon.com/images/G/01/x-locale/common/transparent-pixel._V192234675_.gif"], "rating": "4.7", "list price": null, "product info": {}, "Amazon Choice": "No", "isbestseller": "No", "bestsellercategory": null, "NoOfRating": "1,230", "AmazonChoiceSearchTerm": null},
{"text": "Original Sculpey Sculpting Compound White Oven-Bake Clay - Great for School and Art Projects - 1 Lb, Pack of 3", "price": null, "image_url": ["https://images-na.ssl-images-amazon.com/images/I/510u0lp9Z0L._AC_US40_.jpg", "https://images-na.ssl-images-amazon.com/images/G/01/x-locale/common/transparent-pixel._V192234675_.gif"], "rating": "4.7", "list price": null, "product info": {}, "Amazon Choice": "Yes", "isbestseller": "No", "bestsellercategory": null, "NoOfRating": "211", "AmazonChoiceSearchTerm": "sculpey oven bake clay"},
{"text": "Swingline Desktop Hole Punch, Light Touch Metal Hole Puncher with Adjustable System for 2-7 Holes, Low Effort Paper Punch, Home School & Home Office Supplies, 20 Sheet Capacity, Black/Silver (74030)", "price": null, "image_url": ["https://images-na.ssl-images-amazon.com/images/I/41iSTyXA1mL._AC_US40_.jpg", "https://images-na.ssl-images-amazon.com/images/I/51ZaOpXKdkL._AC_US40_.jpg", "https://images-na.ssl-images-amazon.com/images/I/41LrskMpmSL._AC_US40_.jpg", "https://images-na.ssl-images-amazon.com/images/I/41iw8ZUBeqL._AC_US40_.jpg", "https://images-na.ssl-images-amazon.com/images/I/41WoopY6p0L._AC_US40_.jpg", "https://images-na.ssl-images-amazon.com/images/I/51qp3uUjJEL._AC_US40_.jpg", "https://images-na.ssl-images-amazon.com/images/I/61tQ0FwEOZL._SS40_BG85,85,85_BR-120_PKdp-play-icon-overlay__.jpg", "https://images-na.ssl-images-amazon.com/images/G/01/x-locale/common/transparent-pixel._V192234675_.gif"], "rating": "4.4", "list price": null, "product info": {}, "Amazon Choice": "Yes", "isbestseller": "No", "bestsellercategory": null, "NoOfRating": "1,228", "AmazonChoiceSearchTerm": "swingline hole punch"},
{"text": "Magicfly 30 Colors Acrylic Paint Set (2fl oz/60ml Each), Non-Toxic Craft Paints with 3 Brushes, for Multi-Surface Paint on Canvas, Paper, Wood, Stone, Ceramic and Model", "price": null, "image_url": ["https://images-na.ssl-images-amazon.com/images/I/51VidcfJgkL._AC_US40_.jpg", "https://images-na.ssl-images-amazon.com/images/I/41y7-was-8L._AC_US40_.jpg", "https://images-na.ssl-images-amazon.com/images/I/41F36zbXFTL._AC_US40_.jpg", "https://images-na.ssl-images-amazon.com/images/I/419pBukbJtL._AC_US40_.jpg", "https://images-na.ssl-images-amazon.com/images/I/411rCSfbFwL._AC_US40_.jpg", "https://images-na.ssl-images-amazon.com/images/I/51-CAS2-lnL._AC_US40_.jpg", "https://images-na.ssl-images-amazon.com/images/I/511of-g2vML._SS40_BG85,85,85_BR-120_PKdp-play-icon-overlay__.jpg", "https://images-na.ssl-images-amazon.com/images/G/01/x-locale/common/transparent-pixel._V192234675_.gif"], "rating": "4.6", "list price": null, "product info": {}, "Amazon Choice": "Yes", "isbestseller": "No", "bestsellercategory": null, "NoOfRating": "377", "AmazonChoiceSearchTerm": "ceramcoat acrylic paint"},
{"text": "AmazonBasics Collapsible Fabric Storage Cubes Organizer with Handles, Navy - Pack of 6", "price": null, "image_url": ["https://images-na.ssl-images-amazon.com/images/I/41Ja1mzFESL._AC_US40_.jpg", "https://images-na.ssl-images-amazon.com/images/I/31BhIeZcMzL._AC_US40_.jpg", "https://images-na.ssl-images-amazon.com/images/I/31l3CI2X0uL._AC_US40_.jpg", "https://images-na.ssl-images-amazon.com/images/I/51XVnUrkwOL._AC_US40_.jpg", "https://images-na.ssl-images-amazon.com/images/G/01/x-locale/common/transparent-pixel._V192234675_.gif"], "rating": "4.7", "list price": null, "product info": {}, "Amazon Choice": "No", "isbestseller": "Yes", "bestsellercategory": "in Craft & Sewing Supplies Storage", "NoOfRating": "10,144", "AmazonChoiceSearchTerm": null},
{"text": "Forever Stamp USPS Celebration Boutonniere, Sheet of 2", "price": null, "image_url": ["https://images-na.ssl-images-amazon.com/images/I/51vAEjksN6L._AC_US40_.jpg", "https://images-na.ssl-images-amazon.com/images/G/01/x-locale/common/transparent-pixel._V192234675_.gif"], "rating": "4.8", "list price": null, "product info": {}, "Amazon Choice": "Yes", "isbestseller": "No", "bestsellercategory": null, "NoOfRating": "108", "AmazonChoiceSearchTerm": "wedding stamps"}
]